{"format":1,"version":"4.5.3","settings":"c7cddffc8096f3fe2d376f2900607813","files":{"oceanspy__oceandataset_py":{"hash":"fd15842a394c6731ea073b9fc0e52047","index":{"nums":[1,368,13,0,160,3,3],"html_filename":"oceanspy__oceandataset_py.html","relative_filename":"oceanspy/_oceandataset.py"}},"oceanspy__ospy_utils_py":{"hash":"512ef91c74e6b7790980c9a13ada75b2","index":{"nums":[1,68,0,53,44,4,38],"html_filename":"oceanspy__ospy_utils_py.html","relative_filename":"oceanspy/_ospy_utils.py"}},"oceanspy_animate_py":{"hash":"a1747e9e9870acd2e8010f14e47f5fba","index":{"nums":[1,160,0,133,50,0,50],"html_filename":"oceanspy_animate_py.html","relative_filename":"oceanspy/animate.py"}},"oceanspy_compute_py":{"hash":"924e48d324403cc4dfb28d6b7df90f55","index":{"nums":[1,960,0,877,307,0,307],"html_filename":"oceanspy_compute_py.html","relative_filename":"oceanspy/compute.py"}},"oceanspy_open_oceandataset_py":{"hash":"cf183d8365cd44b65c92cf5c1f3e4086","index":{"nums":[1,94,23,0,47,0,0],"html_filename":"oceanspy_open_oceandataset_py.html","relative_filename":"oceanspy/open_oceandataset.py"}},"oceanspy_plot_py":{"hash":"570d4145b5e4bca848f31bfc7d314bef","index":{"nums":[1,481,0,456,311,0,311],"html_filename":"oceanspy_plot_py.html","relative_filename":"oceanspy/plot.py"}},"oceanspy_subsample_py":{"hash":"adc90372761885d9335b966f3ca9b640","index":{"nums":[1,496,9,472,269,0,269],"html_filename":"oceanspy_subsample_py.html","relative_filename":"oceanspy/subsample.py"}},"oceanspy_utils_py":{"hash":"81f841045a2d3c66cf51918125c1ab2d","index":{"nums":[1,134,0,117,54,2,52],"html_filename":"oceanspy_utils_py.html","relative_filename":"oceanspy/utils.py"}}}}