{"format":1,"version":"4.5.3","settings":"c7cddffc8096f3fe2d376f2900607813","files":{"oceanspy__oceandataset_py":{"hash":"bd3449c4404c67669ed44a18247ed7c7","index":{"nums":[1,328,13,150,132,19,91],"html_filename":"oceanspy__oceandataset_py.html","relative_filename":"oceanspy/_oceandataset.py"}},"oceanspy__ospy_utils_py":{"hash":"4d671e263263b0f28ee4bd1134f6377e","index":{"nums":[1,121,0,23,78,19,25],"html_filename":"oceanspy__ospy_utils_py.html","relative_filename":"oceanspy/_ospy_utils.py"}},"oceanspy_animate_py":{"hash":"a1747e9e9870acd2e8010f14e47f5fba","index":{"nums":[1,160,0,133,50,0,50],"html_filename":"oceanspy_animate_py.html","relative_filename":"oceanspy/animate.py"}},"oceanspy_compute_py":{"hash":"56af4d83d040a0e796ba37ef74edcdc7","index":{"nums":[1,1044,0,891,313,14,283],"html_filename":"oceanspy_compute_py.html","relative_filename":"oceanspy/compute.py"}},"oceanspy_open_oceandataset_py":{"hash":"7eac8e9e8b30b44224ba332ba48dae17","index":{"nums":[1,94,23,71,47,0,43],"html_filename":"oceanspy_open_oceandataset_py.html","relative_filename":"oceanspy/open_oceandataset.py"}},"oceanspy_plot_py":{"hash":"f8861f47aae05b10b14dcaa70522f7d2","index":{"nums":[1,503,4,339,332,0,262],"html_filename":"oceanspy_plot_py.html","relative_filename":"oceanspy/plot.py"}},"oceanspy_subsample_py":{"hash":"d2814ed6b3b1615a002ca05ffdbc1d35","index":{"nums":[1,547,9,140,317,57,147],"html_filename":"oceanspy_subsample_py.html","relative_filename":"oceanspy/subsample.py"}},"oceanspy_utils_py":{"hash":"e4272a8e84da4f4fd08056355d26001a","index":{"nums":[1,134,0,59,54,13,35],"html_filename":"oceanspy_utils_py.html","relative_filename":"oceanspy/utils.py"}}}}