{"format":1,"version":"4.5.3","settings":"c7cddffc8096f3fe2d376f2900607813","files":{"oceanspy__oceandataset_py":{"hash":"7f85299d63a3524268491e5b87df2f4e","index":{"nums":[1,328,13,156,132,20,92],"html_filename":"oceanspy__oceandataset_py.html","relative_filename":"oceanspy/_oceandataset.py"}},"oceanspy__ospy_utils_py":{"hash":"30cd7fa3994ce90c8acc4092db1bbeee","index":{"nums":[1,140,0,25,96,18,26],"html_filename":"oceanspy__ospy_utils_py.html","relative_filename":"oceanspy/_ospy_utils.py"}},"oceanspy_animate_py":{"hash":"a1747e9e9870acd2e8010f14e47f5fba","index":{"nums":[1,160,0,133,50,0,50],"html_filename":"oceanspy_animate_py.html","relative_filename":"oceanspy/animate.py"}},"oceanspy_compute_py":{"hash":"5dcb8cc5ae12e116b503780638ecae44","index":{"nums":[1,1044,0,833,313,15,246],"html_filename":"oceanspy_compute_py.html","relative_filename":"oceanspy/compute.py"}},"oceanspy_open_oceandataset_py":{"hash":"7eac8e9e8b30b44224ba332ba48dae17","index":{"nums":[1,94,23,71,47,0,43],"html_filename":"oceanspy_open_oceandataset_py.html","relative_filename":"oceanspy/open_oceandataset.py"}},"oceanspy_plot_py":{"hash":"7df201a36bbcf158f290c326332315cb","index":{"nums":[1,470,4,321,294,22,245],"html_filename":"oceanspy_plot_py.html","relative_filename":"oceanspy/plot.py"}},"oceanspy_subsample_py":{"hash":"50f222e999a86aa4262f7b2b3aa747f3","index":{"nums":[1,547,9,142,317,59,151],"html_filename":"oceanspy_subsample_py.html","relative_filename":"oceanspy/subsample.py"}},"oceanspy_utils_py":{"hash":"e4272a8e84da4f4fd08056355d26001a","index":{"nums":[1,134,0,59,54,13,35],"html_filename":"oceanspy_utils_py.html","relative_filename":"oceanspy/utils.py"}}}}