{"format":1,"version":"4.5.3","settings":"c7cddffc8096f3fe2d376f2900607813","files":{"oceanspy__oceandataset_py":{"hash":"eec01a92110fddd88be80a6d5834cdf0","index":{"nums":[1,328,13,0,132,3,3],"html_filename":"oceanspy__oceandataset_py.html","relative_filename":"oceanspy/_oceandataset.py"}},"oceanspy__ospy_utils_py":{"hash":"f350187de9115a80c33797486f5d2454","index":{"nums":[1,149,0,6,108,6,9],"html_filename":"oceanspy__ospy_utils_py.html","relative_filename":"oceanspy/_ospy_utils.py"}},"oceanspy_animate_py":{"hash":"a1747e9e9870acd2e8010f14e47f5fba","index":{"nums":[1,160,0,133,50,0,50],"html_filename":"oceanspy_animate_py.html","relative_filename":"oceanspy/animate.py"}},"oceanspy_compute_py":{"hash":"3f881cc949ee584930fd5067cacdad5e","index":{"nums":[1,1044,0,5,313,12,12],"html_filename":"oceanspy_compute_py.html","relative_filename":"oceanspy/compute.py"}},"oceanspy_open_oceandataset_py":{"hash":"cf183d8365cd44b65c92cf5c1f3e4086","index":{"nums":[1,94,23,0,47,0,0],"html_filename":"oceanspy_open_oceandataset_py.html","relative_filename":"oceanspy/open_oceandataset.py"}},"oceanspy_plot_py":{"hash":"f51cbd22eb4ff45ef6f85556abd85db6","index":{"nums":[1,418,4,33,232,38,44],"html_filename":"oceanspy_plot_py.html","relative_filename":"oceanspy/plot.py"}},"oceanspy_subsample_py":{"hash":"ed4a5e63ad17254b19de55ce126b210e","index":{"nums":[1,547,9,2,317,5,5],"html_filename":"oceanspy_subsample_py.html","relative_filename":"oceanspy/subsample.py"}},"oceanspy_utils_py":{"hash":"83d6a74655db4985c1b654e2137af2bc","index":{"nums":[1,137,0,33,54,21,21],"html_filename":"oceanspy_utils_py.html","relative_filename":"oceanspy/utils.py"}}}}