{"format":1,"version":"4.5.3","settings":"c7cddffc8096f3fe2d376f2900607813","files":{"oceanspy__oceandataset_py":{"hash":"92647e225b59ac2acc2d5cfac1ac4476","index":{"nums":[1,368,13,152,160,23,83],"html_filename":"oceanspy__oceandataset_py.html","relative_filename":"oceanspy/_oceandataset.py"}},"oceanspy__ospy_utils_py":{"hash":"8cc143e5641a61e9649bb45877d89c4a","index":{"nums":[1,82,0,24,52,8,20],"html_filename":"oceanspy__ospy_utils_py.html","relative_filename":"oceanspy/_ospy_utils.py"}},"oceanspy_animate_py":{"hash":"a1747e9e9870acd2e8010f14e47f5fba","index":{"nums":[1,160,0,133,50,0,50],"html_filename":"oceanspy_animate_py.html","relative_filename":"oceanspy/animate.py"}},"oceanspy_compute_py":{"hash":"3602dfeeafe4d9803742ba299696d8d9","index":{"nums":[1,1042,0,231,311,29,145],"html_filename":"oceanspy_compute_py.html","relative_filename":"oceanspy/compute.py"}},"oceanspy_open_oceandataset_py":{"hash":"7eac8e9e8b30b44224ba332ba48dae17","index":{"nums":[1,94,23,71,47,0,43],"html_filename":"oceanspy_open_oceandataset_py.html","relative_filename":"oceanspy/open_oceandataset.py"}},"oceanspy_plot_py":{"hash":"570d4145b5e4bca848f31bfc7d314bef","index":{"nums":[1,481,0,456,311,0,311],"html_filename":"oceanspy_plot_py.html","relative_filename":"oceanspy/plot.py"}},"oceanspy_subsample_py":{"hash":"627f4ce69bd1b96baba9fc013e7254ed","index":{"nums":[1,547,9,233,317,43,185],"html_filename":"oceanspy_subsample_py.html","relative_filename":"oceanspy/subsample.py"}},"oceanspy_utils_py":{"hash":"85b20e6af2c893ac2a19b8bcc0797b0c","index":{"nums":[1,134,0,35,54,13,29],"html_filename":"oceanspy_utils_py.html","relative_filename":"oceanspy/utils.py"}}}}