{"format":1,"version":"4.5.3","settings":"c7cddffc8096f3fe2d376f2900607813","files":{"oceanspy__oceandataset_py":{"hash":"67d8aac26d0b873fa9a7092c0d516e0f","index":{"nums":[1,368,13,146,160,22,80],"html_filename":"oceanspy__oceandataset_py.html","relative_filename":"oceanspy/_oceandataset.py"}},"oceanspy__ospy_utils_py":{"hash":"9d803559c66dc55b2352c7d3c79d9291","index":{"nums":[1,70,0,9,44,1,7],"html_filename":"oceanspy__ospy_utils_py.html","relative_filename":"oceanspy/_ospy_utils.py"}},"oceanspy_animate_py":{"hash":"a1747e9e9870acd2e8010f14e47f5fba","index":{"nums":[1,160,0,133,50,0,50],"html_filename":"oceanspy_animate_py.html","relative_filename":"oceanspy/animate.py"}},"oceanspy_compute_py":{"hash":"ee39dfbb6b49d0e6c89c41ef0a97f7bc","index":{"nums":[1,961,0,868,307,1,298],"html_filename":"oceanspy_compute_py.html","relative_filename":"oceanspy/compute.py"}},"oceanspy_open_oceandataset_py":{"hash":"7eac8e9e8b30b44224ba332ba48dae17","index":{"nums":[1,94,23,71,47,0,43],"html_filename":"oceanspy_open_oceandataset_py.html","relative_filename":"oceanspy/open_oceandataset.py"}},"oceanspy_plot_py":{"hash":"570d4145b5e4bca848f31bfc7d314bef","index":{"nums":[1,481,0,456,311,0,311],"html_filename":"oceanspy_plot_py.html","relative_filename":"oceanspy/plot.py"}},"oceanspy_subsample_py":{"hash":"a842032e1f7552961cf085facfed96ec","index":{"nums":[1,549,9,2,317,5,5],"html_filename":"oceanspy_subsample_py.html","relative_filename":"oceanspy/subsample.py"}},"oceanspy_utils_py":{"hash":"3a217ec69f0f642f7c88cd148cf9c2c8","index":{"nums":[1,134,0,66,54,17,29],"html_filename":"oceanspy_utils_py.html","relative_filename":"oceanspy/utils.py"}}}}